Fold,MSE
1,0.007171738118529308
2,0.006925499027964313
3,0.008361681692760518
4,0.00758746786746174
5,0.006691474346618292
