Metric,Value
MSE promedio,0.007347572210666835
Desviación estándar del MSE,0.0005874514064235277
