Metric,Value
MSE,0.011573230573129182
MAE,0.08208012474107457
R²,0.3854297843273079
