Metric,Value
MSE,0.011740429868502343
MAE,0.08284547485394592
R²,0.37655104417186813
