Metric,Value
MSE,2638839474.5492435
MAE,39593.11057603335
R²,0.3822533726476185
