Metric,Value
MSE,0.01168891888599497
MAE,0.08260591355572722
R²,0.3792864183121337
