Metric,Value
MSE,0.011559821145033844
MAE,0.08211069513839495
R²,0.38614186165649667
